{
    "nodes": [
        {
            "parameters": {
                "functionCode": "// Version ultra-fiable pour n8n 1.85.4\nconst url = $input.all()[0]?.json?.url || 'https://fr.wikipedia.org';\n\n// Chemin de sauvegarde\nconst screenshotPath = '/tmp/screenshot-wikipedia.png';\n\n// Script Robot Framework avec échappement correct\nconst robotScript = `\n*** Settings ***\nLibrary    Browser\n\nSuite Setup      New Browser    headless=True\nTest Setup       New Context\nTest Teardown    Close Context\nSuite Teardown   Close Browser\n\n*** Variables ***\n\\${URL}        ${url.replace(/\\\\/g, '\\\\\\\\')}\n\\${SCREENSHOT_PATH}    ${screenshotPath.replace(/\\\\/g, '\\\\\\\\')}\n\n*** Test Cases ***\nCapture Wikipedia Page\n    New Page    \\${URL}\n    Wait For Elements State    h1    visible\n    Take Screenshot    path=\\${SCREENSHOT_PATH}\n    Log To Console    📸 Capture sauvegardée ici : \\${SCREENSHOT_PATH}\n`;\n\nreturn [{\n    json: {\n        robotScript: robotScript,\n        url: url,\n        screenshotPath: screenshotPath\n    }\n}];"
            },
            "id": "2f2f1c88-83f4-4dee-8162-364e30d4f357",
            "name": "Generate Robot Script",
            "type": "n8n-nodes-base.function",
            "typeVersion": 1,
            "position": [
                280,
                80
            ]
        },
        {
            "parameters": {
                "robotScript": "={{ $json.robotScript }}",
                "includeOutputJson": true
            },
            "id": "0a24de91-790f-4c09-a56c-e95154e8035e",
            "name": "Robot Framework",
            "type": "n8n-nodes-robotframework.robotFramework",
            "typeVersion": 1,
            "position": [
                500,
                80
            ]
        },
        {
            "parameters": {},
            "type": "n8n-nodes-base.manualTrigger",
            "typeVersion": 1,
            "position": [
                -160,
                80
            ],
            "id": "1cc72b89-38a8-4696-a233-5c0c1118ada1",
            "name": "When clicking ‘Test workflow’"
        },
        {
            "parameters": {
                "jsCode": "return [\n  {\n    json: {\n      action: \"print\",\n      date: \"2025-07-05\",\n      url: \"https://en.wikipedia.org/wiki/Python_(programming_language)\"\n    }\n  }\n];"
            },
            "type": "n8n-nodes-base.code",
            "typeVersion": 2,
            "position": [
                60,
                80
            ],
            "id": "5450de06-e8e7-4fc8-a827-e88d292a978e",
            "name": "Dynamic data"
        }
    ],
    "connections": {
        "Generate Robot Script": {
            "main": [
                [
                    {
                        "node": "Robot Framework",
                        "type": "main",
                        "index": 0
                    }
                ]
            ]
        },
        "When clicking ‘Test workflow’": {
            "main": [
                [
                    {
                        "node": "Dynamic data",
                        "type": "main",
                        "index": 0
                    }
                ]
            ]
        },
        "Dynamic data": {
            "main": [
                [
                    {
                        "node": "Generate Robot Script",
                        "type": "main",
                        "index": 0
                    }
                ]
            ]
        }
    },
    "pinData": {},
    "meta": {
        "instanceId": "cb9959a4aed9575dfb81cabf47998764a751360e158a40ae3b0bf46d679ab986"
    }
}